prompt_folder,prompt_text,vendi_inception,vendi_pixel,clip_score,one_minus_ms_ssim,method,prompt_folder_norm,prompt_text_norm,prompt_key
The_black_chair_was_next_to_the_silver_table,The black chair was next to the silver table,1.8019,1.6676,32.3593,0.9265,base,the_black_chair_was_next_to_the_silver_table,the black chair was next to the silver table,the_black_chair_was_next_to_the_silver_table
The_black_chair_was_on_the_left_of_the_brown_table,The black chair was on the left of the brown table,1.866,1.7766,32.1229,0.8802,base,the_black_chair_was_on_the_left_of_the_brown_table,the black chair was on the left of the brown table,the_black_chair_was_on_the_left_of_the_brown_table
The_brown_cat_was_lying_on_the_blue_blanket,The brown cat was lying on the blue blanket,1.4793,1.6301,37.238,0.9369,base,the_brown_cat_was_lying_on_the_blue_blanket,the brown cat was lying on the blue blanket,the_brown_cat_was_lying_on_the_blue_blanket
The_brown_dog_is_lying_on_the_blue_pillow,The brown dog is lying on the blue pillow,1.8615,1.7654,38.9874,0.8923,base,the_brown_dog_is_lying_on_the_blue_pillow,the brown dog is lying on the blue pillow,the_brown_dog_is_lying_on_the_blue_pillow
The_brown_dog_was_lying_on_the_green_bed,The brown dog was lying on the green bed,2.2156,1.6001,36.3977,0.9228,base,the_brown_dog_was_lying_on_the_green_bed,the brown dog was lying on the green bed,the_brown_dog_was_lying_on_the_green_bed
The_green_plant_was_on_top_of_the_brown_nightstand,The green plant was on top of the brown nightstand,1.9585,1.3982,36.7351,0.6869,base,the_green_plant_was_on_top_of_the_brown_nightstand,the green plant was on top of the brown nightstand,the_green_plant_was_on_top_of_the_brown_nightstand
The_green_plant_was_on_top_of_the_white_dresser,The green plant was on top of the white dresser,1.8139,1.2235,37.7578,0.7788,base,the_green_plant_was_on_top_of_the_white_dresser,the green plant was on top of the white dresser,the_green_plant_was_on_top_of_the_white_dresser
The_rectangular_mirror_was_hung_above_the_black_sink,The rectangular mirror was hung above the black sink,1.8609,1.3802,33.9879,0.7636,base,the_rectangular_mirror_was_hung_above_the_black_sink,the rectangular mirror was hung above the black sink,the_rectangular_mirror_was_hung_above_the_black_sink
The_rectangular_painting_was_hung_above_the_silver_couch,The rectangular painting was hung above the silver couch,2.0059,1.284,31.933,0.7464,base,the_rectangular_painting_was_hung_above_the_silver_couch,the rectangular painting was hung above the silver couch,the_rectangular_painting_was_hung_above_the_silver_couch
The_red_apple_was_on_top_of_the_black_plate,The red apple was on top of the black plate,1.4111,1.5964,39.2806,0.668,base,the_red_apple_was_on_top_of_the_black_plate,the red apple was on top of the black plate,the_red_apple_was_on_top_of_the_black_plate
The_red_hat_was_on_top_of_the_white_coat,The red hat was on top of the white coat,1.9605,1.5916,39.2652,0.8255,base,the_red_hat_was_on_top_of_the_white_coat,the red hat was on top of the white coat,the_red_hat_was_on_top_of_the_white_coat
The_red_mug_was_on_top_of_the_green_coaster,The red mug was on top of the green coaster,1.5849,1.498,41.345,0.6696,base,the_red_mug_was_on_top_of_the_green_coaster,the red mug was on top of the green coaster,the_red_mug_was_on_top_of_the_green_coaster
The_red_umbrella_was_on_top_of_the_white_coat_rack,The red umbrella was on top of the white coat rack,1.874,1.4286,39.1074,0.8397,base,the_red_umbrella_was_on_top_of_the_white_coat_rack,the red umbrella was on top of the white coat rack,the_red_umbrella_was_on_top_of_the_white_coat_rack
a_airplane_on_the_left_of_a_turtle,a airplane on the left of a turtle,1.6235,1.3904,39.4445,0.8087,base,a_airplane_on_the_left_of_a_turtle,a airplane on the left of a turtle,a_airplane_on_the_left_of_a_turtle
a_backpack_on_the_right_of_a_bird,a backpack on the right of a bird,1.8647,1.6143,41.9611,0.9029,base,a_backpack_on_the_right_of_a_bird,a backpack on the right of a bird,a_backpack_on_the_right_of_a_bird
a_bicycle_on_the_left_of_a_bird,a bicycle on the left of a bird,1.8491,1.2912,38.8087,0.6945,base,a_bicycle_on_the_left_of_a_bird,a bicycle on the left of a bird,a_bicycle_on_the_left_of_a_bird
a_brown_bench_and_a_green_dog,a brown bench and a green dog,1.95,1.5955,38.7289,0.9008,base,a_brown_bench_and_a_green_dog,a brown bench and a green dog,a_brown_bench_and_a_green_dog
a_brown_car_and_a_red_clock,a brown car and a red clock,1.7999,1.7315,41.654,0.9386,base,a_brown_car_and_a_red_clock,a brown car and a red clock,a_brown_car_and_a_red_clock
a_cat_near_a_table,a cat near a table,1.803,1.8622,34.2559,0.9786,base,a_cat_near_a_table,a cat near a table,a_cat_near_a_table
a_cat_on_the_bottom_of_a_car,a cat on the bottom of a car,1.7422,2.1465,35.7957,0.9096,base,a_cat_on_the_bottom_of_a_car,a cat on the bottom of a car,a_cat_on_the_bottom_of_a_car
a_chicken_on_the_top_of_a_bicycle,a chicken on the top of a bicycle,1.4275,1.4275,43.666,0.871,base,a_chicken_on_the_top_of_a_bicycle,a chicken on the top of a bicycle,a_chicken_on_the_top_of_a_bicycle
a_computer_on_the_top_of_a_sheep,a computer on the top of a sheep,1.7265,1.5043,41.3433,0.7374,base,a_computer_on_the_top_of_a_sheep,a computer on the top of a sheep,a_computer_on_the_top_of_a_sheep
a_couch_on_the_right_of_a_turtle,a couch on the right of a turtle,1.4513,2.0482,37.6949,0.9479,base,a_couch_on_the_right_of_a_turtle,a couch on the right of a turtle,a_couch_on_the_right_of_a_turtle
a_cow_near_a_balloon,a cow near a balloon,1.8218,1.4235,39.5238,0.7461,base,a_cow_near_a_balloon,a cow near a balloon,a_cow_near_a_balloon
a_fish_on_the_left_of_a_microwave,a fish on the left of a microwave,1.5621,1.8625,38.9168,0.9224,base,a_fish_on_the_left_of_a_microwave,a fish on the left of a microwave,a_fish_on_the_left_of_a_microwave
a_giraffe_on_the_left_of_a_lamp,a giraffe on the left of a lamp,1.8838,1.6389,38.3844,0.8682,base,a_giraffe_on_the_left_of_a_lamp,a giraffe on the left of a lamp,a_giraffe_on_the_left_of_a_lamp
a_giraffe_on_the_right_of_a_girl,a giraffe on the right of a girl,1.7343,1.5098,39.4051,0.9411,base,a_giraffe_on_the_right_of_a_girl,a giraffe on the right of a girl,a_giraffe_on_the_right_of_a_girl
a_giraffe_on_the_right_of_a_phone,a giraffe on the right of a phone,1.9554,1.6635,34.7071,0.9448,base,a_giraffe_on_the_right_of_a_phone,a giraffe on the right of a phone,a_giraffe_on_the_right_of_a_phone
a_girl_on_the_left_of_a_bee,a girl on the left of a bee,2.3412,1.464,32.8802,0.942,base,a_girl_on_the_left_of_a_bee,a girl on the left of a bee,a_girl_on_the_left_of_a_bee
a_girl_on_the_left_of_a_frog,a girl on the left of a frog,1.8605,1.7277,37.2197,0.9425,base,a_girl_on_the_left_of_a_frog,a girl on the left of a frog,a_girl_on_the_left_of_a_frog
a_gold_car_and_a_red_clock,a gold car and a red clock,1.8523,1.7965,41.3941,0.8787,base,a_gold_car_and_a_red_clock,a gold car and a red clock,a_gold_car_and_a_red_clock
a_green_bench_and_a_blue_car,a green bench and a blue car,2.1892,1.8933,37.8597,0.9123,base,a_green_bench_and_a_blue_car,a green bench and a blue car,a_green_bench_and_a_blue_car
a_person_on_the_left_of_a_microwave,a person on the left of a microwave,1.5591,1.8163,34.5826,0.8907,base,a_person_on_the_left_of_a_microwave,a person on the left of a microwave,a_person_on_the_left_of_a_microwave
a_phone_on_the_left_of_a_boy,a phone on the left of a boy,2.3834,1.819,32.4023,0.9205,base,a_phone_on_the_left_of_a_boy,a phone on the left of a boy,a_phone_on_the_left_of_a_boy
a_pig_on_side_of_a_wallet,a pig on side of a wallet,1.6557,1.6156,38.0171,0.8343,base,a_pig_on_side_of_a_wallet,a pig on side of a wallet,a_pig_on_side_of_a_wallet
a_plate_on_the_right_of_a_bee,a plate on the right of a bee,1.8148,1.3999,34.995,0.9296,base,a_plate_on_the_right_of_a_bee,a plate on the right of a bee,a_plate_on_the_right_of_a_bee
a_rabbit_on_the_top_of_a_book,a rabbit on the top of a book,1.5203,1.5607,39.4434,0.909,base,a_rabbit_on_the_top_of_a_book,a rabbit on the top of a book,a_rabbit_on_the_top_of_a_book
a_red_car_and_a_brown_elephant,a red car and a brown elephant,1.8698,1.5374,41.3413,0.8507,base,a_red_car_and_a_brown_elephant,a red car and a brown elephant,a_red_car_and_a_brown_elephant
a_red_car_and_a_gold_clock,a red car and a gold clock,1.9236,1.8805,40.7944,0.9333,base,a_red_car_and_a_gold_clock,a red car and a gold clock,a_red_car_and_a_gold_clock
a_red_car_and_a_pink_elephant,a red car and a pink elephant,2.214,1.3488,40.6408,0.8853,base,a_red_car_and_a_pink_elephant,a red car and a pink elephant,a_red_car_and_a_pink_elephant
a_sheep_near_a_car,a sheep near a car,1.5141,1.7017,39.5185,0.8881,base,a_sheep_near_a_car,a sheep near a car,a_sheep_near_a_car
a_television_on_the_right_of_a_cow,a television on the right of a cow,1.8874,2.2881,42.9309,0.9574,base,a_television_on_the_right_of_a_cow,a television on the right of a cow,a_television_on_the_right_of_a_cow
a_train_on_the_left_of_a_boy,a train on the left of a boy,1.6833,1.6759,36.5542,0.8905,base,a_train_on_the_left_of_a_boy,a train on the left of a boy,a_train_on_the_left_of_a_boy
a_turtle_on_the_left_of_a_painting,a turtle on the left of a painting,1.4508,1.6436,33.6823,0.9294,base,a_turtle_on_the_left_of_a_painting,a turtle on the left of a painting,a_turtle_on_the_left_of_a_painting
a_vase_on_the_bottom_of_a_chicken,a vase on the bottom of a chicken,2.0298,1.5327,33.9301,0.8997,base,a_vase_on_the_bottom_of_a_chicken,a vase on the bottom of a chicken,a_vase_on_the_bottom_of_a_chicken
a_wallet_on_the_right_of_a_bee,a wallet on the right of a bee,2.3082,1.698,35.0552,0.8552,base,a_wallet_on_the_right_of_a_bee,a wallet on the right of a bee,a_wallet_on_the_right_of_a_bee
a_wallet_on_the_right_of_a_dog,a wallet on the right of a dog,2.256,1.7146,36.1372,0.877,base,a_wallet_on_the_right_of_a_dog,a wallet on the right of a dog,a_wallet_on_the_right_of_a_dog
a_yellow_bench_and_a_green_dog,a yellow bench and a green dog,2.0488,1.9856,41.9181,0.9151,base,a_yellow_bench_and_a_green_dog,a yellow bench and a green dog,a_yellow_bench_and_a_green_dog
The_black_chair_was_next_to_the_silver_table,The black chair was next to the silver table,1.7589,1.7058,33.0251,0.9395,ourmethod,the_black_chair_was_next_to_the_silver_table,the black chair was next to the silver table,the_black_chair_was_next_to_the_silver_table
The_black_chair_was_on_the_left_of_the_brown_table,The black chair was on the left of the brown table,1.9432,1.7911,32.0869,0.9459,ourmethod,the_black_chair_was_on_the_left_of_the_brown_table,the black chair was on the left of the brown table,the_black_chair_was_on_the_left_of_the_brown_table
The_brown_cat_was_lying_on_the_blue_blanket,The brown cat was lying on the blue blanket,1.5899,1.6531,37.5316,0.9398,ourmethod,the_brown_cat_was_lying_on_the_blue_blanket,the brown cat was lying on the blue blanket,the_brown_cat_was_lying_on_the_blue_blanket
The_brown_dog_is_lying_on_the_blue_pillow,The brown dog is lying on the blue pillow,1.9529,1.77,36.9838,0.9094,ourmethod,the_brown_dog_is_lying_on_the_blue_pillow,the brown dog is lying on the blue pillow,the_brown_dog_is_lying_on_the_blue_pillow
The_brown_dog_was_lying_on_the_green_bed,The brown dog was lying on the green bed,2.2731,1.6496,36.1904,0.9291,ourmethod,the_brown_dog_was_lying_on_the_green_bed,the brown dog was lying on the green bed,the_brown_dog_was_lying_on_the_green_bed
The_green_plant_was_on_top_of_the_brown_nightstand,The green plant was on top of the brown nightstand,1.9678,1.3993,36.743,0.7376,ourmethod,the_green_plant_was_on_top_of_the_brown_nightstand,the green plant was on top of the brown nightstand,the_green_plant_was_on_top_of_the_brown_nightstand
The_green_plant_was_on_top_of_the_white_dresser,The green plant was on top of the white dresser,1.9443,1.2509,39.3805,0.7943,ourmethod,the_green_plant_was_on_top_of_the_white_dresser,the green plant was on top of the white dresser,the_green_plant_was_on_top_of_the_white_dresser
The_rectangular_mirror_was_hung_above_the_black_sink,The rectangular mirror was hung above the black sink,1.8531,1.4213,33.6087,0.7644,ourmethod,the_rectangular_mirror_was_hung_above_the_black_sink,the rectangular mirror was hung above the black sink,the_rectangular_mirror_was_hung_above_the_black_sink
The_rectangular_painting_was_hung_above_the_silver_couch,The rectangular painting was hung above the silver couch,1.954,1.2539,31.7267,0.7017,ourmethod,the_rectangular_painting_was_hung_above_the_silver_couch,the rectangular painting was hung above the silver couch,the_rectangular_painting_was_hung_above_the_silver_couch
The_red_apple_was_on_top_of_the_black_plate,The red apple was on top of the black plate,1.4635,1.5773,39.1653,0.6939,ourmethod,the_red_apple_was_on_top_of_the_black_plate,the red apple was on top of the black plate,the_red_apple_was_on_top_of_the_black_plate
The_red_hat_was_on_top_of_the_white_coat,The red hat was on top of the white coat,1.9494,1.553,38.73,0.8216,ourmethod,the_red_hat_was_on_top_of_the_white_coat,the red hat was on top of the white coat,the_red_hat_was_on_top_of_the_white_coat
The_red_mug_was_on_top_of_the_green_coaster,The red mug was on top of the green coaster,1.5621,1.4912,42.1276,0.6729,ourmethod,the_red_mug_was_on_top_of_the_green_coaster,the red mug was on top of the green coaster,the_red_mug_was_on_top_of_the_green_coaster
The_red_umbrella_was_on_top_of_the_white_coat_rack,The red umbrella was on top of the white coat rack,1.7378,1.4336,39.4751,0.8627,ourmethod,the_red_umbrella_was_on_top_of_the_white_coat_rack,the red umbrella was on top of the white coat rack,the_red_umbrella_was_on_top_of_the_white_coat_rack
a_airplane_on_the_left_of_a_turtle,a airplane on the left of a turtle,1.7323,1.3907,40.2747,0.8641,ourmethod,a_airplane_on_the_left_of_a_turtle,a airplane on the left of a turtle,a_airplane_on_the_left_of_a_turtle
a_backpack_on_the_right_of_a_bird,a backpack on the right of a bird,2.0606,1.5959,41.2003,0.9026,ourmethod,a_backpack_on_the_right_of_a_bird,a backpack on the right of a bird,a_backpack_on_the_right_of_a_bird
a_bicycle_on_the_left_of_a_bird,a bicycle on the left of a bird,2.0263,1.3041,38.5284,0.794,ourmethod,a_bicycle_on_the_left_of_a_bird,a bicycle on the left of a bird,a_bicycle_on_the_left_of_a_bird
a_brown_bench_and_a_green_dog,a brown bench and a green dog,1.9684,1.6641,40.5474,0.9138,ourmethod,a_brown_bench_and_a_green_dog,a brown bench and a green dog,a_brown_bench_and_a_green_dog
a_brown_car_and_a_red_clock,a brown car and a red clock,1.9051,1.7253,41.6996,0.9149,ourmethod,a_brown_car_and_a_red_clock,a brown car and a red clock,a_brown_car_and_a_red_clock
a_cat_near_a_table,a cat near a table,1.8718,1.8853,35.5592,0.9746,ourmethod,a_cat_near_a_table,a cat near a table,a_cat_near_a_table
a_cat_on_the_bottom_of_a_car,a cat on the bottom of a car,1.7582,2.2176,35.8435,0.9024,ourmethod,a_cat_on_the_bottom_of_a_car,a cat on the bottom of a car,a_cat_on_the_bottom_of_a_car
a_chicken_on_the_top_of_a_bicycle,a chicken on the top of a bicycle,1.6959,1.4527,42.2904,0.8995,ourmethod,a_chicken_on_the_top_of_a_bicycle,a chicken on the top of a bicycle,a_chicken_on_the_top_of_a_bicycle
a_computer_on_the_top_of_a_sheep,a computer on the top of a sheep,1.7442,1.5427,41.628,0.767,ourmethod,a_computer_on_the_top_of_a_sheep,a computer on the top of a sheep,a_computer_on_the_top_of_a_sheep
a_couch_on_the_right_of_a_turtle,a couch on the right of a turtle,1.5544,2.1232,35.8298,0.9598,ourmethod,a_couch_on_the_right_of_a_turtle,a couch on the right of a turtle,a_couch_on_the_right_of_a_turtle
a_cow_near_a_balloon,a cow near a balloon,1.6607,1.4456,39.5828,0.7863,ourmethod,a_cow_near_a_balloon,a cow near a balloon,a_cow_near_a_balloon
a_fish_on_the_left_of_a_microwave,a fish on the left of a microwave,1.6421,1.9353,38.6864,0.8927,ourmethod,a_fish_on_the_left_of_a_microwave,a fish on the left of a microwave,a_fish_on_the_left_of_a_microwave
a_giraffe_on_the_left_of_a_lamp,a giraffe on the left of a lamp,1.9007,1.6536,39.0655,0.8393,ourmethod,a_giraffe_on_the_left_of_a_lamp,a giraffe on the left of a lamp,a_giraffe_on_the_left_of_a_lamp
a_giraffe_on_the_right_of_a_girl,a giraffe on the right of a girl,1.958,1.4897,38.8931,0.928,ourmethod,a_giraffe_on_the_right_of_a_girl,a giraffe on the right of a girl,a_giraffe_on_the_right_of_a_girl
a_giraffe_on_the_right_of_a_phone,a giraffe on the right of a phone,1.9038,1.6945,38.0182,0.9264,ourmethod,a_giraffe_on_the_right_of_a_phone,a giraffe on the right of a phone,a_giraffe_on_the_right_of_a_phone
a_girl_on_the_left_of_a_bee,a girl on the left of a bee,2.5813,1.5479,34.092,0.9432,ourmethod,a_girl_on_the_left_of_a_bee,a girl on the left of a bee,a_girl_on_the_left_of_a_bee
a_girl_on_the_left_of_a_frog,a girl on the left of a frog,1.8484,1.7328,38.2566,0.9594,ourmethod,a_girl_on_the_left_of_a_frog,a girl on the left of a frog,a_girl_on_the_left_of_a_frog
a_gold_car_and_a_red_clock,a gold car and a red clock,2.0051,1.7715,39.0839,0.9058,ourmethod,a_gold_car_and_a_red_clock,a gold car and a red clock,a_gold_car_and_a_red_clock
a_green_bench_and_a_blue_car,a green bench and a blue car,2.0103,1.9245,39.6097,0.9242,ourmethod,a_green_bench_and_a_blue_car,a green bench and a blue car,a_green_bench_and_a_blue_car
a_person_on_the_left_of_a_microwave,a person on the left of a microwave,1.5429,1.813,34.1903,0.8742,ourmethod,a_person_on_the_left_of_a_microwave,a person on the left of a microwave,a_person_on_the_left_of_a_microwave
a_phone_on_the_left_of_a_boy,a phone on the left of a boy,2.1957,1.8296,34.9548,0.9257,ourmethod,a_phone_on_the_left_of_a_boy,a phone on the left of a boy,a_phone_on_the_left_of_a_boy
a_pig_on_side_of_a_wallet,a pig on side of a wallet,1.6657,1.6322,37.1958,0.8491,ourmethod,a_pig_on_side_of_a_wallet,a pig on side of a wallet,a_pig_on_side_of_a_wallet
a_plate_on_the_right_of_a_bee,a plate on the right of a bee,1.8094,1.4433,35.3569,0.9558,ourmethod,a_plate_on_the_right_of_a_bee,a plate on the right of a bee,a_plate_on_the_right_of_a_bee
a_rabbit_on_the_top_of_a_book,a rabbit on the top of a book,1.6749,1.5438,39.6834,0.8587,ourmethod,a_rabbit_on_the_top_of_a_book,a rabbit on the top of a book,a_rabbit_on_the_top_of_a_book
a_red_car_and_a_brown_elephant,a red car and a brown elephant,2.0258,1.5841,42.7907,0.9126,ourmethod,a_red_car_and_a_brown_elephant,a red car and a brown elephant,a_red_car_and_a_brown_elephant
a_red_car_and_a_gold_clock,a red car and a gold clock,1.8293,1.8506,40.602,0.9453,ourmethod,a_red_car_and_a_gold_clock,a red car and a gold clock,a_red_car_and_a_gold_clock
a_red_car_and_a_pink_elephant,a red car and a pink elephant,2.1939,1.3991,40.8868,0.9336,ourmethod,a_red_car_and_a_pink_elephant,a red car and a pink elephant,a_red_car_and_a_pink_elephant
a_sheep_near_a_car,a sheep near a car,1.6574,1.835,39.6351,0.9584,ourmethod,a_sheep_near_a_car,a sheep near a car,a_sheep_near_a_car
a_television_on_the_right_of_a_cow,a television on the right of a cow,1.9913,2.401,42.7696,0.9485,ourmethod,a_television_on_the_right_of_a_cow,a television on the right of a cow,a_television_on_the_right_of_a_cow
a_train_on_the_left_of_a_boy,a train on the left of a boy,1.8302,1.7439,36.0056,0.9314,ourmethod,a_train_on_the_left_of_a_boy,a train on the left of a boy,a_train_on_the_left_of_a_boy
a_turtle_on_the_left_of_a_painting,a turtle on the left of a painting,1.4959,1.8321,32.8878,0.9474,ourmethod,a_turtle_on_the_left_of_a_painting,a turtle on the left of a painting,a_turtle_on_the_left_of_a_painting
a_vase_on_the_bottom_of_a_chicken,a vase on the bottom of a chicken,1.8972,1.5773,33.6937,0.9485,ourmethod,a_vase_on_the_bottom_of_a_chicken,a vase on the bottom of a chicken,a_vase_on_the_bottom_of_a_chicken
a_wallet_on_the_right_of_a_bee,a wallet on the right of a bee,2.2468,1.79,36.0507,0.8419,ourmethod,a_wallet_on_the_right_of_a_bee,a wallet on the right of a bee,a_wallet_on_the_right_of_a_bee
a_wallet_on_the_right_of_a_dog,a wallet on the right of a dog,2.3132,1.7025,39.2567,0.8923,ourmethod,a_wallet_on_the_right_of_a_dog,a wallet on the right of a dog,a_wallet_on_the_right_of_a_dog
a_yellow_bench_and_a_green_dog,a yellow bench and a green dog,2.0337,1.9816,40.2836,0.9273,ourmethod,a_yellow_bench_and_a_green_dog,a yellow bench and a green dog,a_yellow_bench_and_a_green_dog
The_black_chair_was_next_to_the_silver_table,The black chair was next to the silver table,1.729,1.6493,32.0482,0.9279,cads,the_black_chair_was_next_to_the_silver_table,the black chair was next to the silver table,the_black_chair_was_next_to_the_silver_table
The_black_chair_was_on_the_left_of_the_brown_table,The black chair was on the left of the brown table,1.8111,1.7843,31.6225,0.8787,cads,the_black_chair_was_on_the_left_of_the_brown_table,the black chair was on the left of the brown table,the_black_chair_was_on_the_left_of_the_brown_table
The_brown_cat_was_lying_on_the_blue_blanket,The brown cat was lying on the blue blanket,1.4804,1.6319,37.0331,0.9402,cads,the_brown_cat_was_lying_on_the_blue_blanket,the brown cat was lying on the blue blanket,the_brown_cat_was_lying_on_the_blue_blanket
The_brown_dog_is_lying_on_the_blue_pillow,The brown dog is lying on the blue pillow,1.8458,1.7675,38.6022,0.8931,cads,the_brown_dog_is_lying_on_the_blue_pillow,the brown dog is lying on the blue pillow,the_brown_dog_is_lying_on_the_blue_pillow
The_brown_dog_was_lying_on_the_green_bed,The brown dog was lying on the green bed,2.3704,1.6109,36.4505,0.9239,cads,the_brown_dog_was_lying_on_the_green_bed,the brown dog was lying on the green bed,the_brown_dog_was_lying_on_the_green_bed
The_green_plant_was_on_top_of_the_brown_nightstand,The green plant was on top of the brown nightstand,1.8505,1.4142,36.7595,0.6962,cads,the_green_plant_was_on_top_of_the_brown_nightstand,the green plant was on top of the brown nightstand,the_green_plant_was_on_top_of_the_brown_nightstand
The_green_plant_was_on_top_of_the_white_dresser,The green plant was on top of the white dresser,1.907,1.2319,38.6678,0.7771,cads,the_green_plant_was_on_top_of_the_white_dresser,the green plant was on top of the white dresser,the_green_plant_was_on_top_of_the_white_dresser
The_rectangular_mirror_was_hung_above_the_black_sink,The rectangular mirror was hung above the black sink,1.8187,1.3959,34.1951,0.7666,cads,the_rectangular_mirror_was_hung_above_the_black_sink,the rectangular mirror was hung above the black sink,the_rectangular_mirror_was_hung_above_the_black_sink
The_rectangular_painting_was_hung_above_the_silver_couch,The rectangular painting was hung above the silver couch,1.9388,1.2825,32.3219,0.7345,cads,the_rectangular_painting_was_hung_above_the_silver_couch,the rectangular painting was hung above the silver couch,the_rectangular_painting_was_hung_above_the_silver_couch
The_red_apple_was_on_top_of_the_black_plate,The red apple was on top of the black plate,1.4416,1.6047,39.3741,0.6699,cads,the_red_apple_was_on_top_of_the_black_plate,the red apple was on top of the black plate,the_red_apple_was_on_top_of_the_black_plate
The_red_hat_was_on_top_of_the_white_coat,The red hat was on top of the white coat,1.8543,1.5619,39.6519,0.8149,cads,the_red_hat_was_on_top_of_the_white_coat,the red hat was on top of the white coat,the_red_hat_was_on_top_of_the_white_coat
The_red_mug_was_on_top_of_the_green_coaster,The red mug was on top of the green coaster,1.587,1.4883,41.8066,0.6744,cads,the_red_mug_was_on_top_of_the_green_coaster,the red mug was on top of the green coaster,the_red_mug_was_on_top_of_the_green_coaster
The_red_umbrella_was_on_top_of_the_white_coat_rack,The red umbrella was on top of the white coat rack,1.9128,1.436,38.4128,0.8569,cads,the_red_umbrella_was_on_top_of_the_white_coat_rack,the red umbrella was on top of the white coat rack,the_red_umbrella_was_on_top_of_the_white_coat_rack
a_airplane_on_the_left_of_a_turtle,a airplane on the left of a turtle,1.647,1.395,39.2667,0.807,cads,a_airplane_on_the_left_of_a_turtle,a airplane on the left of a turtle,a_airplane_on_the_left_of_a_turtle
a_backpack_on_the_right_of_a_bird,a backpack on the right of a bird,1.9217,1.6133,42.0302,0.9019,cads,a_backpack_on_the_right_of_a_bird,a backpack on the right of a bird,a_backpack_on_the_right_of_a_bird
a_bicycle_on_the_left_of_a_bird,a bicycle on the left of a bird,2.0156,1.2946,38.7681,0.6981,cads,a_bicycle_on_the_left_of_a_bird,a bicycle on the left of a bird,a_bicycle_on_the_left_of_a_bird
a_brown_bench_and_a_green_dog,a brown bench and a green dog,1.8652,1.592,39.5047,0.8966,cads,a_brown_bench_and_a_green_dog,a brown bench and a green dog,a_brown_bench_and_a_green_dog
a_brown_car_and_a_red_clock,a brown car and a red clock,1.7796,1.7144,41.1417,0.9347,cads,a_brown_car_and_a_red_clock,a brown car and a red clock,a_brown_car_and_a_red_clock
a_cat_near_a_table,a cat near a table,1.7095,1.8779,33.5514,0.9551,cads,a_cat_near_a_table,a cat near a table,a_cat_near_a_table
a_cat_on_the_bottom_of_a_car,a cat on the bottom of a car,1.7502,2.165,35.7882,0.9085,cads,a_cat_on_the_bottom_of_a_car,a cat on the bottom of a car,a_cat_on_the_bottom_of_a_car
a_chicken_on_the_top_of_a_bicycle,a chicken on the top of a bicycle,1.4301,1.4235,43.1613,0.8643,cads,a_chicken_on_the_top_of_a_bicycle,a chicken on the top of a bicycle,a_chicken_on_the_top_of_a_bicycle
a_computer_on_the_top_of_a_sheep,a computer on the top of a sheep,1.8644,1.508,40.7006,0.7349,cads,a_computer_on_the_top_of_a_sheep,a computer on the top of a sheep,a_computer_on_the_top_of_a_sheep
a_couch_on_the_right_of_a_turtle,a couch on the right of a turtle,1.5553,2.0418,37.3245,0.9434,cads,a_couch_on_the_right_of_a_turtle,a couch on the right of a turtle,a_couch_on_the_right_of_a_turtle
a_cow_near_a_balloon,a cow near a balloon,1.644,1.4308,40.0311,0.7443,cads,a_cow_near_a_balloon,a cow near a balloon,a_cow_near_a_balloon
a_fish_on_the_left_of_a_microwave,a fish on the left of a microwave,1.5693,1.8637,38.6814,0.927,cads,a_fish_on_the_left_of_a_microwave,a fish on the left of a microwave,a_fish_on_the_left_of_a_microwave
a_giraffe_on_the_left_of_a_lamp,a giraffe on the left of a lamp,1.8989,1.6491,38.6432,0.8914,cads,a_giraffe_on_the_left_of_a_lamp,a giraffe on the left of a lamp,a_giraffe_on_the_left_of_a_lamp
a_giraffe_on_the_right_of_a_girl,a giraffe on the right of a girl,1.6614,1.5215,39.2738,0.9442,cads,a_giraffe_on_the_right_of_a_girl,a giraffe on the right of a girl,a_giraffe_on_the_right_of_a_girl
a_giraffe_on_the_right_of_a_phone,a giraffe on the right of a phone,1.9212,1.6722,34.2665,0.9449,cads,a_giraffe_on_the_right_of_a_phone,a giraffe on the right of a phone,a_giraffe_on_the_right_of_a_phone
a_girl_on_the_left_of_a_bee,a girl on the left of a bee,2.462,1.4879,33.4994,0.9455,cads,a_girl_on_the_left_of_a_bee,a girl on the left of a bee,a_girl_on_the_left_of_a_bee
a_girl_on_the_left_of_a_frog,a girl on the left of a frog,2.0507,1.7329,37.2163,0.9495,cads,a_girl_on_the_left_of_a_frog,a girl on the left of a frog,a_girl_on_the_left_of_a_frog
a_gold_car_and_a_red_clock,a gold car and a red clock,1.7752,1.7948,40.8641,0.8856,cads,a_gold_car_and_a_red_clock,a gold car and a red clock,a_gold_car_and_a_red_clock
a_green_bench_and_a_blue_car,a green bench and a blue car,2.2248,1.9101,38.1535,0.913,cads,a_green_bench_and_a_blue_car,a green bench and a blue car,a_green_bench_and_a_blue_car
a_person_on_the_left_of_a_microwave,a person on the left of a microwave,1.6591,1.8186,34.1765,0.8933,cads,a_person_on_the_left_of_a_microwave,a person on the left of a microwave,a_person_on_the_left_of_a_microwave
a_phone_on_the_left_of_a_boy,a phone on the left of a boy,2.2785,1.8258,33.8166,0.9203,cads,a_phone_on_the_left_of_a_boy,a phone on the left of a boy,a_phone_on_the_left_of_a_boy
a_pig_on_side_of_a_wallet,a pig on side of a wallet,1.6701,1.6196,39.2694,0.8331,cads,a_pig_on_side_of_a_wallet,a pig on side of a wallet,a_pig_on_side_of_a_wallet
a_plate_on_the_right_of_a_bee,a plate on the right of a bee,1.7741,1.4129,35.4444,0.9244,cads,a_plate_on_the_right_of_a_bee,a plate on the right of a bee,a_plate_on_the_right_of_a_bee
a_rabbit_on_the_top_of_a_book,a rabbit on the top of a book,1.5369,1.5582,39.1728,0.9092,cads,a_rabbit_on_the_top_of_a_book,a rabbit on the top of a book,a_rabbit_on_the_top_of_a_book
a_red_car_and_a_brown_elephant,a red car and a brown elephant,1.8323,1.5473,41.1861,0.8555,cads,a_red_car_and_a_brown_elephant,a red car and a brown elephant,a_red_car_and_a_brown_elephant
a_red_car_and_a_gold_clock,a red car and a gold clock,1.9547,1.8988,40.7332,0.9356,cads,a_red_car_and_a_gold_clock,a red car and a gold clock,a_red_car_and_a_gold_clock
a_red_car_and_a_pink_elephant,a red car and a pink elephant,2.1721,1.3533,40.6979,0.8813,cads,a_red_car_and_a_pink_elephant,a red car and a pink elephant,a_red_car_and_a_pink_elephant
a_sheep_near_a_car,a sheep near a car,1.4786,1.7133,39.285,0.8848,cads,a_sheep_near_a_car,a sheep near a car,a_sheep_near_a_car
a_television_on_the_right_of_a_cow,a television on the right of a cow,1.914,2.3257,42.896,0.9453,cads,a_television_on_the_right_of_a_cow,a television on the right of a cow,a_television_on_the_right_of_a_cow
a_train_on_the_left_of_a_boy,a train on the left of a boy,1.6207,1.6732,36.9029,0.8963,cads,a_train_on_the_left_of_a_boy,a train on the left of a boy,a_train_on_the_left_of_a_boy
a_turtle_on_the_left_of_a_painting,a turtle on the left of a painting,1.4631,1.6511,33.9572,0.9254,cads,a_turtle_on_the_left_of_a_painting,a turtle on the left of a painting,a_turtle_on_the_left_of_a_painting
a_vase_on_the_bottom_of_a_chicken,a vase on the bottom of a chicken,1.8829,1.5443,34.5991,0.9104,cads,a_vase_on_the_bottom_of_a_chicken,a vase on the bottom of a chicken,a_vase_on_the_bottom_of_a_chicken
a_wallet_on_the_right_of_a_bee,a wallet on the right of a bee,2.3581,1.7062,37.2936,0.8405,cads,a_wallet_on_the_right_of_a_bee,a wallet on the right of a bee,a_wallet_on_the_right_of_a_bee
a_wallet_on_the_right_of_a_dog,a wallet on the right of a dog,2.1823,1.7129,35.2696,0.879,cads,a_wallet_on_the_right_of_a_dog,a wallet on the right of a dog,a_wallet_on_the_right_of_a_dog
a_yellow_bench_and_a_green_dog,a yellow bench and a green dog,1.9744,1.9658,41.8755,0.9131,cads,a_yellow_bench_and_a_green_dog,a yellow bench and a green dog,a_yellow_bench_and_a_green_dog
The_black_chair_was_next_to_the_silver_table,The black chair was next to the silver table,1.7184,1.6005,32.9512,0.9246,pg,the_black_chair_was_next_to_the_silver_table,the black chair was next to the silver table,the_black_chair_was_next_to_the_silver_table
The_black_chair_was_on_the_left_of_the_brown_table,The black chair was on the left of the brown table,1.7632,1.7025,31.8468,0.8613,pg,the_black_chair_was_on_the_left_of_the_brown_table,the black chair was on the left of the brown table,the_black_chair_was_on_the_left_of_the_brown_table
The_brown_cat_was_lying_on_the_blue_blanket,The brown cat was lying on the blue blanket,1.4976,1.5698,36.9538,0.9099,pg,the_brown_cat_was_lying_on_the_blue_blanket,the brown cat was lying on the blue blanket,the_brown_cat_was_lying_on_the_blue_blanket
The_brown_dog_is_lying_on_the_blue_pillow,The brown dog is lying on the blue pillow,1.7959,1.6919,37.9975,0.8927,pg,the_brown_dog_is_lying_on_the_blue_pillow,the brown dog is lying on the blue pillow,the_brown_dog_is_lying_on_the_blue_pillow
The_brown_dog_was_lying_on_the_green_bed,The brown dog was lying on the green bed,2.2003,1.5171,35.7831,0.8722,pg,the_brown_dog_was_lying_on_the_green_bed,the brown dog was lying on the green bed,the_brown_dog_was_lying_on_the_green_bed
The_green_plant_was_on_top_of_the_brown_nightstand,The green plant was on top of the brown nightstand,1.8211,1.3334,37.0891,0.6313,pg,the_green_plant_was_on_top_of_the_brown_nightstand,the green plant was on top of the brown nightstand,the_green_plant_was_on_top_of_the_brown_nightstand
The_green_plant_was_on_top_of_the_white_dresser,The green plant was on top of the white dresser,1.9135,1.1898,38.7538,0.7325,pg,the_green_plant_was_on_top_of_the_white_dresser,the green plant was on top of the white dresser,the_green_plant_was_on_top_of_the_white_dresser
The_rectangular_mirror_was_hung_above_the_black_sink,The rectangular mirror was hung above the black sink,1.895,1.3488,33.4978,0.7244,pg,the_rectangular_mirror_was_hung_above_the_black_sink,the rectangular mirror was hung above the black sink,the_rectangular_mirror_was_hung_above_the_black_sink
The_rectangular_painting_was_hung_above_the_silver_couch,The rectangular painting was hung above the silver couch,2.0006,1.247,32.6747,0.696,pg,the_rectangular_painting_was_hung_above_the_silver_couch,the rectangular painting was hung above the silver couch,the_rectangular_painting_was_hung_above_the_silver_couch
The_red_apple_was_on_top_of_the_black_plate,The red apple was on top of the black plate,1.4793,1.5446,39.5446,0.6424,pg,the_red_apple_was_on_top_of_the_black_plate,the red apple was on top of the black plate,the_red_apple_was_on_top_of_the_black_plate
The_red_hat_was_on_top_of_the_white_coat,The red hat was on top of the white coat,2.0928,1.5245,39.3244,0.7804,pg,the_red_hat_was_on_top_of_the_white_coat,the red hat was on top of the white coat,the_red_hat_was_on_top_of_the_white_coat
The_red_mug_was_on_top_of_the_green_coaster,The red mug was on top of the green coaster,1.5497,1.4572,40.9244,0.64,pg,the_red_mug_was_on_top_of_the_green_coaster,the red mug was on top of the green coaster,the_red_mug_was_on_top_of_the_green_coaster
The_red_umbrella_was_on_top_of_the_white_coat_rack,The red umbrella was on top of the white coat rack,1.9026,1.3976,39.1109,0.8268,pg,the_red_umbrella_was_on_top_of_the_white_coat_rack,the red umbrella was on top of the white coat rack,the_red_umbrella_was_on_top_of_the_white_coat_rack
a_airplane_on_the_left_of_a_turtle,a airplane on the left of a turtle,1.6353,1.3501,39.3711,0.8094,pg,a_airplane_on_the_left_of_a_turtle,a airplane on the left of a turtle,a_airplane_on_the_left_of_a_turtle
a_backpack_on_the_right_of_a_bird,a backpack on the right of a bird,1.7688,1.5443,42.2893,0.889,pg,a_backpack_on_the_right_of_a_bird,a backpack on the right of a bird,a_backpack_on_the_right_of_a_bird
a_bicycle_on_the_left_of_a_bird,a bicycle on the left of a bird,1.9202,1.2529,39.4389,0.6468,pg,a_bicycle_on_the_left_of_a_bird,a bicycle on the left of a bird,a_bicycle_on_the_left_of_a_bird
a_brown_bench_and_a_green_dog,a brown bench and a green dog,1.8936,1.5472,39.0511,0.8798,pg,a_brown_bench_and_a_green_dog,a brown bench and a green dog,a_brown_bench_and_a_green_dog
a_brown_car_and_a_red_clock,a brown car and a red clock,1.8225,1.6531,42.2515,0.9152,pg,a_brown_car_and_a_red_clock,a brown car and a red clock,a_brown_car_and_a_red_clock
a_cat_near_a_table,a cat near a table,1.7164,1.7876,33.9125,0.9343,pg,a_cat_near_a_table,a cat near a table,a_cat_near_a_table
a_cat_on_the_bottom_of_a_car,a cat on the bottom of a car,1.7049,2.0748,36.1947,0.8738,pg,a_cat_on_the_bottom_of_a_car,a cat on the bottom of a car,a_cat_on_the_bottom_of_a_car
a_chicken_on_the_top_of_a_bicycle,a chicken on the top of a bicycle,1.44,1.38,43.3115,0.8422,pg,a_chicken_on_the_top_of_a_bicycle,a chicken on the top of a bicycle,a_chicken_on_the_top_of_a_bicycle
a_computer_on_the_top_of_a_sheep,a computer on the top of a sheep,1.775,1.4511,41.6376,0.6944,pg,a_computer_on_the_top_of_a_sheep,a computer on the top of a sheep,a_computer_on_the_top_of_a_sheep
a_couch_on_the_right_of_a_turtle,a couch on the right of a turtle,1.5198,1.9517,37.6219,0.9237,pg,a_couch_on_the_right_of_a_turtle,a couch on the right of a turtle,a_couch_on_the_right_of_a_turtle
a_cow_near_a_balloon,a cow near a balloon,1.8244,1.3846,40.9329,0.7027,pg,a_cow_near_a_balloon,a cow near a balloon,a_cow_near_a_balloon
a_fish_on_the_left_of_a_microwave,a fish on the left of a microwave,1.614,1.8126,38.2817,0.8963,pg,a_fish_on_the_left_of_a_microwave,a fish on the left of a microwave,a_fish_on_the_left_of_a_microwave
a_giraffe_on_the_left_of_a_lamp,a giraffe on the left of a lamp,1.9466,1.5896,38.026,0.8511,pg,a_giraffe_on_the_left_of_a_lamp,a giraffe on the left of a lamp,a_giraffe_on_the_left_of_a_lamp
a_giraffe_on_the_right_of_a_girl,a giraffe on the right of a girl,1.6735,1.4605,39.1002,0.927,pg,a_giraffe_on_the_right_of_a_girl,a giraffe on the right of a girl,a_giraffe_on_the_right_of_a_girl
a_giraffe_on_the_right_of_a_phone,a giraffe on the right of a phone,1.7707,1.6096,35.1135,0.9363,pg,a_giraffe_on_the_right_of_a_phone,a giraffe on the right of a phone,a_giraffe_on_the_right_of_a_phone
a_girl_on_the_left_of_a_bee,a girl on the left of a bee,2.5771,1.4088,34.2709,0.9079,pg,a_girl_on_the_left_of_a_bee,a girl on the left of a bee,a_girl_on_the_left_of_a_bee
a_girl_on_the_left_of_a_frog,a girl on the left of a frog,1.9058,1.6577,36.792,0.9316,pg,a_girl_on_the_left_of_a_frog,a girl on the left of a frog,a_girl_on_the_left_of_a_frog
a_gold_car_and_a_red_clock,a gold car and a red clock,1.7281,1.7328,41.952,0.8116,pg,a_gold_car_and_a_red_clock,a gold car and a red clock,a_gold_car_and_a_red_clock
a_green_bench_and_a_blue_car,a green bench and a blue car,2.1175,1.8367,37.968,0.8665,pg,a_green_bench_and_a_blue_car,a green bench and a blue car,a_green_bench_and_a_blue_car
a_person_on_the_left_of_a_microwave,a person on the left of a microwave,1.5403,1.7431,34.8784,0.8592,pg,a_person_on_the_left_of_a_microwave,a person on the left of a microwave,a_person_on_the_left_of_a_microwave
a_phone_on_the_left_of_a_boy,a phone on the left of a boy,2.3569,1.7193,30.6168,0.9017,pg,a_phone_on_the_left_of_a_boy,a phone on the left of a boy,a_phone_on_the_left_of_a_boy
a_pig_on_side_of_a_wallet,a pig on side of a wallet,1.7699,1.5758,36.4806,0.8343,pg,a_pig_on_side_of_a_wallet,a pig on side of a wallet,a_pig_on_side_of_a_wallet
a_plate_on_the_right_of_a_bee,a plate on the right of a bee,1.6628,1.3699,35.3469,0.8692,pg,a_plate_on_the_right_of_a_bee,a plate on the right of a bee,a_plate_on_the_right_of_a_bee
a_rabbit_on_the_top_of_a_book,a rabbit on the top of a book,1.5253,1.4974,39.2233,0.9015,pg,a_rabbit_on_the_top_of_a_book,a rabbit on the top of a book,a_rabbit_on_the_top_of_a_book
a_red_car_and_a_brown_elephant,a red car and a brown elephant,1.8292,1.4905,41.0803,0.8133,pg,a_red_car_and_a_brown_elephant,a red car and a brown elephant,a_red_car_and_a_brown_elephant
a_red_car_and_a_gold_clock,a red car and a gold clock,2.0229,1.8164,40.3364,0.9189,pg,a_red_car_and_a_gold_clock,a red car and a gold clock,a_red_car_and_a_gold_clock
a_red_car_and_a_pink_elephant,a red car and a pink elephant,2.2606,1.3213,40.3782,0.8685,pg,a_red_car_and_a_pink_elephant,a red car and a pink elephant,a_red_car_and_a_pink_elephant
a_sheep_near_a_car,a sheep near a car,1.5736,1.6293,40.1247,0.8482,pg,a_sheep_near_a_car,a sheep near a car,a_sheep_near_a_car
a_television_on_the_right_of_a_cow,a television on the right of a cow,1.7655,2.2016,42.7066,0.9424,pg,a_television_on_the_right_of_a_cow,a television on the right of a cow,a_television_on_the_right_of_a_cow
a_train_on_the_left_of_a_boy,a train on the left of a boy,1.7485,1.6069,36.9276,0.8452,pg,a_train_on_the_left_of_a_boy,a train on the left of a boy,a_train_on_the_left_of_a_boy
a_turtle_on_the_left_of_a_painting,a turtle on the left of a painting,1.4293,1.5662,32.9967,0.873,pg,a_turtle_on_the_left_of_a_painting,a turtle on the left of a painting,a_turtle_on_the_left_of_a_painting
a_vase_on_the_bottom_of_a_chicken,a vase on the bottom of a chicken,2.0008,1.4781,34.0638,0.8903,pg,a_vase_on_the_bottom_of_a_chicken,a vase on the bottom of a chicken,a_vase_on_the_bottom_of_a_chicken
a_wallet_on_the_right_of_a_bee,a wallet on the right of a bee,1.9475,1.6252,37.2993,0.8009,pg,a_wallet_on_the_right_of_a_bee,a wallet on the right of a bee,a_wallet_on_the_right_of_a_bee
a_wallet_on_the_right_of_a_dog,a wallet on the right of a dog,2.128,1.6573,36.1378,0.8425,pg,a_wallet_on_the_right_of_a_dog,a wallet on the right of a dog,a_wallet_on_the_right_of_a_dog
a_yellow_bench_and_a_green_dog,a yellow bench and a green dog,2.0607,1.9112,42.1595,0.8925,pg,a_yellow_bench_and_a_green_dog,a yellow bench and a green dog,a_yellow_bench_and_a_green_dog
a_airplane_on_the_left_of_a_turtle,a airplane on the left of a turtle,1.5384,1.4191,39.9202,0.8353,dpp,a_airplane_on_the_left_of_a_turtle,a airplane on the left of a turtle,a_airplane_on_the_left_of_a_turtle
a_backpack_on_the_right_of_a_bird,a backpack on the right of a bird,1.6952,1.7749,42.976,0.8875,dpp,a_backpack_on_the_right_of_a_bird,a backpack on the right of a bird,a_backpack_on_the_right_of_a_bird
a_bicycle_on_the_left_of_a_bird,a bicycle on the left of a bird,1.7973,1.1828,37.0876,0.6832,dpp,a_bicycle_on_the_left_of_a_bird,a bicycle on the left of a bird,a_bicycle_on_the_left_of_a_bird
a_brown_bench_and_a_green_dog,a brown bench and a green dog,2.2043,1.6673,39.4932,0.8875,dpp,a_brown_bench_and_a_green_dog,a brown bench and a green dog,a_brown_bench_and_a_green_dog
a_brown_car_and_a_red_clock,a brown car and a red clock,2.0495,1.7566,36.8165,0.8998,dpp,a_brown_car_and_a_red_clock,a brown car and a red clock,a_brown_car_and_a_red_clock
a_cat_near_a_table,a cat near a table,1.7734,2.1164,35.7404,0.9261,dpp,a_cat_near_a_table,a cat near a table,a_cat_near_a_table
a_cat_on_the_bottom_of_a_car,a cat on the bottom of a car,1.7402,2.2102,36.0037,0.9332,dpp,a_cat_on_the_bottom_of_a_car,a cat on the bottom of a car,a_cat_on_the_bottom_of_a_car
a_chicken_on_the_top_of_a_bicycle,a chicken on the top of a bicycle,1.7169,1.4046,42.683,0.9092,dpp,a_chicken_on_the_top_of_a_bicycle,a chicken on the top of a bicycle,a_chicken_on_the_top_of_a_bicycle
a_computer_on_the_top_of_a_sheep,a computer on the top of a sheep,2.0075,1.4867,39.5688,0.9295,dpp,a_computer_on_the_top_of_a_sheep,a computer on the top of a sheep,a_computer_on_the_top_of_a_sheep
a_couch_on_the_right_of_a_turtle,a couch on the right of a turtle,1.7906,2.2113,35.3044,0.973,dpp,a_couch_on_the_right_of_a_turtle,a couch on the right of a turtle,a_couch_on_the_right_of_a_turtle
a_cow_near_a_balloon,a cow near a balloon,1.7366,1.3309,40.0036,0.7436,dpp,a_cow_near_a_balloon,a cow near a balloon,a_cow_near_a_balloon
a_fish_on_the_left_of_a_microwave,a fish on the left of a microwave,2.5726,2.2201,33.6524,0.8906,dpp,a_fish_on_the_left_of_a_microwave,a fish on the left of a microwave,a_fish_on_the_left_of_a_microwave
a_giraffe_on_the_left_of_a_lamp,a giraffe on the left of a lamp,1.82,1.8124,36.7658,0.8627,dpp,a_giraffe_on_the_left_of_a_lamp,a giraffe on the left of a lamp,a_giraffe_on_the_left_of_a_lamp
a_giraffe_on_the_right_of_a_girl,a giraffe on the right of a girl,1.7075,1.4632,40.4334,0.919,dpp,a_giraffe_on_the_right_of_a_girl,a giraffe on the right of a girl,a_giraffe_on_the_right_of_a_girl
a_giraffe_on_the_right_of_a_phone,a giraffe on the right of a phone,1.9448,1.8663,34.6465,0.8881,dpp,a_giraffe_on_the_right_of_a_phone,a giraffe on the right of a phone,a_giraffe_on_the_right_of_a_phone
a_girl_on_the_left_of_a_bee,a girl on the left of a bee,2.2239,1.5065,33.49,0.9465,dpp,a_girl_on_the_left_of_a_bee,a girl on the left of a bee,a_girl_on_the_left_of_a_bee
a_girl_on_the_left_of_a_frog,a girl on the left of a frog,1.7947,2.239,36.8976,0.9647,dpp,a_girl_on_the_left_of_a_frog,a girl on the left of a frog,a_girl_on_the_left_of_a_frog
a_gold_car_and_a_red_clock,a gold car and a red clock,1.9551,1.762,38.0619,0.9351,dpp,a_gold_car_and_a_red_clock,a gold car and a red clock,a_gold_car_and_a_red_clock
a_green_bench_and_a_blue_car,a green bench and a blue car,1.9874,1.835,35.8534,0.9199,dpp,a_green_bench_and_a_blue_car,a green bench and a blue car,a_green_bench_and_a_blue_car
a_person_on_the_left_of_a_microwave,a person on the left of a microwave,1.7216,2.079,33.3069,0.914,dpp,a_person_on_the_left_of_a_microwave,a person on the left of a microwave,a_person_on_the_left_of_a_microwave
a_phone_on_the_left_of_a_boy,a phone on the left of a boy,2.2891,1.8358,32.1627,0.8601,dpp,a_phone_on_the_left_of_a_boy,a phone on the left of a boy,a_phone_on_the_left_of_a_boy
a_pig_on_side_of_a_wallet,a pig on side of a wallet,1.5987,1.9917,39.2782,0.8647,dpp,a_pig_on_side_of_a_wallet,a pig on side of a wallet,a_pig_on_side_of_a_wallet
a_plate_on_the_right_of_a_bee,a plate on the right of a bee,1.6202,1.1831,34.7395,0.7226,dpp,a_plate_on_the_right_of_a_bee,a plate on the right of a bee,a_plate_on_the_right_of_a_bee
a_rabbit_on_the_top_of_a_book,a rabbit on the top of a book,1.4756,1.9264,39.9886,0.8299,dpp,a_rabbit_on_the_top_of_a_book,a rabbit on the top of a book,a_rabbit_on_the_top_of_a_book
a_red_car_and_a_brown_elephant,a red car and a brown elephant,1.7427,1.5013,40.0324,0.8858,dpp,a_red_car_and_a_brown_elephant,a red car and a brown elephant,a_red_car_and_a_brown_elephant
a_red_car_and_a_gold_clock,a red car and a gold clock,2.1382,2.2627,40.0485,0.9502,dpp,a_red_car_and_a_gold_clock,a red car and a gold clock,a_red_car_and_a_gold_clock
a_red_car_and_a_pink_elephant,a red car and a pink elephant,1.8725,1.5182,42.0642,0.764,dpp,a_red_car_and_a_pink_elephant,a red car and a pink elephant,a_red_car_and_a_pink_elephant
a_sheep_near_a_car,a sheep near a car,1.7028,1.9967,39.5027,0.8983,dpp,a_sheep_near_a_car,a sheep near a car,a_sheep_near_a_car
a_television_on_the_right_of_a_cow,a television on the right of a cow,1.7889,2.3981,43.1405,0.8091,dpp,a_television_on_the_right_of_a_cow,a television on the right of a cow,a_television_on_the_right_of_a_cow
a_train_on_the_left_of_a_boy,a train on the left of a boy,1.7745,1.5977,36.8981,0.8117,dpp,a_train_on_the_left_of_a_boy,a train on the left of a boy,a_train_on_the_left_of_a_boy
a_turtle_on_the_left_of_a_painting,a turtle on the left of a painting,1.7167,1.7749,32.4851,0.9363,dpp,a_turtle_on_the_left_of_a_painting,a turtle on the left of a painting,a_turtle_on_the_left_of_a_painting
a_vase_on_the_bottom_of_a_chicken,a vase on the bottom of a chicken,1.6365,1.8913,30.876,0.8363,dpp,a_vase_on_the_bottom_of_a_chicken,a vase on the bottom of a chicken,a_vase_on_the_bottom_of_a_chicken
a_wallet_on_the_right_of_a_bee,a wallet on the right of a bee,2.0267,1.7165,40.3306,0.8786,dpp,a_wallet_on_the_right_of_a_bee,a wallet on the right of a bee,a_wallet_on_the_right_of_a_bee
a_wallet_on_the_right_of_a_dog,a wallet on the right of a dog,2.1568,1.7734,36.3675,0.9537,dpp,a_wallet_on_the_right_of_a_dog,a wallet on the right of a dog,a_wallet_on_the_right_of_a_dog
a_yellow_bench_and_a_green_dog,a yellow bench and a green dog,2.0727,2.2095,40.8985,0.9323,dpp,a_yellow_bench_and_a_green_dog,a yellow bench and a green dog,a_yellow_bench_and_a_green_dog
the_black_chair_was_next_to_the_silver_table,the black chair was next to the silver table,2.0505,2.0673,33.0028,0.9533,dpp,the_black_chair_was_next_to_the_silver_table,the black chair was next to the silver table,the_black_chair_was_next_to_the_silver_table
the_black_chair_was_on_the_left_of_the_brown_table,the black chair was on the left of the brown table,2.1005,2.1041,30.0974,0.9085,dpp,the_black_chair_was_on_the_left_of_the_brown_table,the black chair was on the left of the brown table,the_black_chair_was_on_the_left_of_the_brown_table
the_brown_cat_was_lying_on_the_blue_blanket,the brown cat was lying on the blue blanket,1.5964,1.6803,37.267,0.945,dpp,the_brown_cat_was_lying_on_the_blue_blanket,the brown cat was lying on the blue blanket,the_brown_cat_was_lying_on_the_blue_blanket
the_brown_dog_is_lying_on_the_blue_pillow,the brown dog is lying on the blue pillow,2.0781,1.6765,37.7179,0.8042,dpp,the_brown_dog_is_lying_on_the_blue_pillow,the brown dog is lying on the blue pillow,the_brown_dog_is_lying_on_the_blue_pillow
the_brown_dog_was_lying_on_the_green_bed,the brown dog was lying on the green bed,1.7965,1.6422,34.8351,0.8612,dpp,the_brown_dog_was_lying_on_the_green_bed,the brown dog was lying on the green bed,the_brown_dog_was_lying_on_the_green_bed
the_green_plant_was_on_top_of_the_brown_nightstand,the green plant was on top of the brown nightstand,1.8627,1.2821,34.003,0.6155,dpp,the_green_plant_was_on_top_of_the_brown_nightstand,the green plant was on top of the brown nightstand,the_green_plant_was_on_top_of_the_brown_nightstand
the_green_plant_was_on_top_of_the_white_dresser,the green plant was on top of the white dresser,1.912,1.2556,37.085,0.7852,dpp,the_green_plant_was_on_top_of_the_white_dresser,the green plant was on top of the white dresser,the_green_plant_was_on_top_of_the_white_dresser
the_rectangular_mirror_was_hung_above_the_black_sink,the rectangular mirror was hung above the black sink,1.9341,1.4315,33.6285,0.7789,dpp,the_rectangular_mirror_was_hung_above_the_black_sink,the rectangular mirror was hung above the black sink,the_rectangular_mirror_was_hung_above_the_black_sink
the_rectangular_painting_was_hung_above_the_silver_couch,the rectangular painting was hung above the silver couch,2.0381,1.3517,32.979,0.7543,dpp,the_rectangular_painting_was_hung_above_the_silver_couch,the rectangular painting was hung above the silver couch,the_rectangular_painting_was_hung_above_the_silver_couch
the_red_apple_was_on_top_of_the_black_plate,the red apple was on top of the black plate,1.6194,1.9311,38.5681,0.8018,dpp,the_red_apple_was_on_top_of_the_black_plate,the red apple was on top of the black plate,the_red_apple_was_on_top_of_the_black_plate
the_red_hat_was_on_top_of_the_white_coat,the red hat was on top of the white coat,1.9511,1.9626,34.5009,0.8476,dpp,the_red_hat_was_on_top_of_the_white_coat,the red hat was on top of the white coat,the_red_hat_was_on_top_of_the_white_coat
the_red_mug_was_on_top_of_the_green_coaster,the red mug was on top of the green coaster,1.7512,1.6144,40.8893,0.8452,dpp,the_red_mug_was_on_top_of_the_green_coaster,the red mug was on top of the green coaster,the_red_mug_was_on_top_of_the_green_coaster
the_red_umbrella_was_on_top_of_the_white_coat_rack,the red umbrella was on top of the white coat rack,1.642,1.5337,39.9742,0.8572,dpp,the_red_umbrella_was_on_top_of_the_white_coat_rack,the red umbrella was on top of the white coat rack,the_red_umbrella_was_on_top_of_the_white_coat_rack
The_black_chair_was_next_to_the_silver_table,The black chair was next to the silver table,1.8952,1.6684,32.7158,0.9401,mix,the_black_chair_was_next_to_the_silver_table,the black chair was next to the silver table,the_black_chair_was_next_to_the_silver_table
The_black_chair_was_on_the_left_of_the_brown_table,The black chair was on the left of the brown table,2.1588,1.7572,29.5987,0.952,mix,the_black_chair_was_on_the_left_of_the_brown_table,the black chair was on the left of the brown table,the_black_chair_was_on_the_left_of_the_brown_table
The_brown_cat_was_lying_on_the_blue_blanket,The brown cat was lying on the blue blanket,1.5621,1.6795,33.3279,0.9462,mix,the_brown_cat_was_lying_on_the_blue_blanket,the brown cat was lying on the blue blanket,the_brown_cat_was_lying_on_the_blue_blanket
The_brown_dog_is_lying_on_the_blue_pillow,The brown dog is lying on the blue pillow,2.0748,1.8434,34.109,0.9382,mix,the_brown_dog_is_lying_on_the_blue_pillow,the brown dog is lying on the blue pillow,the_brown_dog_is_lying_on_the_blue_pillow
The_brown_dog_was_lying_on_the_green_bed,The brown dog was lying on the green bed,2.3781,1.6967,36.9435,0.9306,mix,the_brown_dog_was_lying_on_the_green_bed,the brown dog was lying on the green bed,the_brown_dog_was_lying_on_the_green_bed
The_green_plant_was_on_top_of_the_brown_nightstand,The green plant was on top of the brown nightstand,1.9443,1.5295,36.2359,0.8823,mix,the_green_plant_was_on_top_of_the_brown_nightstand,the green plant was on top of the brown nightstand,the_green_plant_was_on_top_of_the_brown_nightstand
The_green_plant_was_on_top_of_the_white_dresser,The green plant was on top of the white dresser,1.6855,1.2722,37.6161,0.8497,mix,the_green_plant_was_on_top_of_the_white_dresser,the green plant was on top of the white dresser,the_green_plant_was_on_top_of_the_white_dresser
The_rectangular_mirror_was_hung_above_the_black_sink,The rectangular mirror was hung above the black sink,2.0162,1.4113,33.6026,0.8569,mix,the_rectangular_mirror_was_hung_above_the_black_sink,the rectangular mirror was hung above the black sink,the_rectangular_mirror_was_hung_above_the_black_sink
The_rectangular_painting_was_hung_above_the_silver_couch,The rectangular painting was hung above the silver couch,1.9176,1.3014,30.4832,0.7941,mix,the_rectangular_painting_was_hung_above_the_silver_couch,the rectangular painting was hung above the silver couch,the_rectangular_painting_was_hung_above_the_silver_couch
The_red_apple_was_on_top_of_the_black_plate,The red apple was on top of the black plate,1.4292,1.6775,37.5234,0.7779,mix,the_red_apple_was_on_top_of_the_black_plate,the red apple was on top of the black plate,the_red_apple_was_on_top_of_the_black_plate
The_red_hat_was_on_top_of_the_white_coat,The red hat was on top of the white coat,1.8418,1.6279,33.5395,0.8979,mix,the_red_hat_was_on_top_of_the_white_coat,the red hat was on top of the white coat,the_red_hat_was_on_top_of_the_white_coat
The_red_mug_was_on_top_of_the_green_coaster,The red mug was on top of the green coaster,1.6039,1.544,40.8804,0.7742,mix,the_red_mug_was_on_top_of_the_green_coaster,the red mug was on top of the green coaster,the_red_mug_was_on_top_of_the_green_coaster
The_red_umbrella_was_on_top_of_the_white_coat_rack,The red umbrella was on top of the white coat rack,1.8508,1.5216,36.0572,0.9408,mix,the_red_umbrella_was_on_top_of_the_white_coat_rack,the red umbrella was on top of the white coat rack,the_red_umbrella_was_on_top_of_the_white_coat_rack
a_airplane_on_the_left_of_a_turtle,a airplane on the left of a turtle,1.8878,1.476,37.9519,0.9199,mix,a_airplane_on_the_left_of_a_turtle,a airplane on the left of a turtle,a_airplane_on_the_left_of_a_turtle
a_backpack_on_the_right_of_a_bird,a backpack on the right of a bird,2.3539,1.8228,38.7028,0.928,mix,a_backpack_on_the_right_of_a_bird,a backpack on the right of a bird,a_backpack_on_the_right_of_a_bird
a_bicycle_on_the_left_of_a_bird,a bicycle on the left of a bird,1.7574,1.3771,36.8681,0.9377,mix,a_bicycle_on_the_left_of_a_bird,a bicycle on the left of a bird,a_bicycle_on_the_left_of_a_bird
a_brown_bench_and_a_green_dog,a brown bench and a green dog,2.0438,1.8198,38.8755,0.9533,mix,a_brown_bench_and_a_green_dog,a brown bench and a green dog,a_brown_bench_and_a_green_dog
a_brown_car_and_a_red_clock,a brown car and a red clock,1.9797,1.8282,40.5142,0.9557,mix,a_brown_car_and_a_red_clock,a brown car and a red clock,a_brown_car_and_a_red_clock
a_cat_near_a_table,a cat near a table,2.0086,2.0517,34.026,0.9908,mix,a_cat_near_a_table,a cat near a table,a_cat_near_a_table
a_cat_on_the_bottom_of_a_car,a cat on the bottom of a car,1.7177,2.2864,34.9783,0.9578,mix,a_cat_on_the_bottom_of_a_car,a cat on the bottom of a car,a_cat_on_the_bottom_of_a_car
a_chicken_on_the_top_of_a_bicycle,a chicken on the top of a bicycle,1.605,1.5458,41.7308,0.915,mix,a_chicken_on_the_top_of_a_bicycle,a chicken on the top of a bicycle,a_chicken_on_the_top_of_a_bicycle
a_computer_on_the_top_of_a_sheep,a computer on the top of a sheep,1.883,1.5916,38.6983,0.8688,mix,a_computer_on_the_top_of_a_sheep,a computer on the top of a sheep,a_computer_on_the_top_of_a_sheep
a_couch_on_the_right_of_a_turtle,a couch on the right of a turtle,1.6579,2.1126,34.4038,0.9665,mix,a_couch_on_the_right_of_a_turtle,a couch on the right of a turtle,a_couch_on_the_right_of_a_turtle
a_cow_near_a_balloon,a cow near a balloon,1.9147,1.4688,40.0946,0.9054,mix,a_cow_near_a_balloon,a cow near a balloon,a_cow_near_a_balloon
a_fish_on_the_left_of_a_microwave,a fish on the left of a microwave,1.9782,2.0241,37.9962,0.9239,mix,a_fish_on_the_left_of_a_microwave,a fish on the left of a microwave,a_fish_on_the_left_of_a_microwave
a_giraffe_on_the_left_of_a_lamp,a giraffe on the left of a lamp,2.085,1.5567,39.0673,0.8305,mix,a_giraffe_on_the_left_of_a_lamp,a giraffe on the left of a lamp,a_giraffe_on_the_left_of_a_lamp
a_giraffe_on_the_right_of_a_girl,a giraffe on the right of a girl,1.9779,1.5832,37.9759,0.9679,mix,a_giraffe_on_the_right_of_a_girl,a giraffe on the right of a girl,a_giraffe_on_the_right_of_a_girl
a_giraffe_on_the_right_of_a_phone,a giraffe on the right of a phone,2.1194,1.7179,36.1926,0.9763,mix,a_giraffe_on_the_right_of_a_phone,a giraffe on the right of a phone,a_giraffe_on_the_right_of_a_phone
a_girl_on_the_left_of_a_bee,a girl on the left of a bee,2.4788,1.582,35.007,0.9575,mix,a_girl_on_the_left_of_a_bee,a girl on the left of a bee,a_girl_on_the_left_of_a_bee
a_girl_on_the_left_of_a_frog,a girl on the left of a frog,2.1487,1.9541,36.9348,0.9733,mix,a_girl_on_the_left_of_a_frog,a girl on the left of a frog,a_girl_on_the_left_of_a_frog
a_gold_car_and_a_red_clock,a gold car and a red clock,2.0672,1.8816,40.093,0.9185,mix,a_gold_car_and_a_red_clock,a gold car and a red clock,a_gold_car_and_a_red_clock
a_green_bench_and_a_blue_car,a green bench and a blue car,1.8093,2.0557,38.082,0.9686,mix,a_green_bench_and_a_blue_car,a green bench and a blue car,a_green_bench_and_a_blue_car
a_person_on_the_left_of_a_microwave,a person on the left of a microwave,1.6715,1.9618,32.9732,0.9382,mix,a_person_on_the_left_of_a_microwave,a person on the left of a microwave,a_person_on_the_left_of_a_microwave
a_phone_on_the_left_of_a_boy,a phone on the left of a boy,2.0305,1.8939,33.9975,0.9588,mix,a_phone_on_the_left_of_a_boy,a phone on the left of a boy,a_phone_on_the_left_of_a_boy
a_pig_on_side_of_a_wallet,a pig on side of a wallet,2.0002,1.7227,36.0926,0.9091,mix,a_pig_on_side_of_a_wallet,a pig on side of a wallet,a_pig_on_side_of_a_wallet
a_plate_on_the_right_of_a_bee,a plate on the right of a bee,1.9754,1.434,35.6855,0.9528,mix,a_plate_on_the_right_of_a_bee,a plate on the right of a bee,a_plate_on_the_right_of_a_bee
a_rabbit_on_the_top_of_a_book,a rabbit on the top of a book,1.5362,1.6372,38.7441,0.9453,mix,a_rabbit_on_the_top_of_a_book,a rabbit on the top of a book,a_rabbit_on_the_top_of_a_book
a_red_car_and_a_brown_elephant,a red car and a brown elephant,2.1564,1.6758,41.6206,0.9279,mix,a_red_car_and_a_brown_elephant,a red car and a brown elephant,a_red_car_and_a_brown_elephant
a_red_car_and_a_gold_clock,a red car and a gold clock,1.801,2.0201,40.0627,0.9393,mix,a_red_car_and_a_gold_clock,a red car and a gold clock,a_red_car_and_a_gold_clock
a_red_car_and_a_pink_elephant,a red car and a pink elephant,2.0683,1.4278,41.7171,0.8599,mix,a_red_car_and_a_pink_elephant,a red car and a pink elephant,a_red_car_and_a_pink_elephant
a_sheep_near_a_car,a sheep near a car,1.5389,1.894,39.0925,0.9513,mix,a_sheep_near_a_car,a sheep near a car,a_sheep_near_a_car
a_television_on_the_right_of_a_cow,a television on the right of a cow,1.9354,2.5495,44.0652,0.9613,mix,a_television_on_the_right_of_a_cow,a television on the right of a cow,a_television_on_the_right_of_a_cow
a_train_on_the_left_of_a_boy,a train on the left of a boy,2.243,1.8709,35.9859,0.9688,mix,a_train_on_the_left_of_a_boy,a train on the left of a boy,a_train_on_the_left_of_a_boy
a_turtle_on_the_left_of_a_painting,a turtle on the left of a painting,1.9241,1.8426,33.057,0.9729,mix,a_turtle_on_the_left_of_a_painting,a turtle on the left of a painting,a_turtle_on_the_left_of_a_painting
a_vase_on_the_bottom_of_a_chicken,a vase on the bottom of a chicken,2.1039,1.6882,34.2419,0.9259,mix,a_vase_on_the_bottom_of_a_chicken,a vase on the bottom of a chicken,a_vase_on_the_bottom_of_a_chicken
a_wallet_on_the_right_of_a_bee,a wallet on the right of a bee,2.411,1.8542,37.9052,0.9366,mix,a_wallet_on_the_right_of_a_bee,a wallet on the right of a bee,a_wallet_on_the_right_of_a_bee
a_wallet_on_the_right_of_a_dog,a wallet on the right of a dog,2.4685,1.7029,34.1723,0.9198,mix,a_wallet_on_the_right_of_a_dog,a wallet on the right of a dog,a_wallet_on_the_right_of_a_dog
a_yellow_bench_and_a_green_dog,a yellow bench and a green dog,1.8865,2.1061,38.0494,0.955,mix,a_yellow_bench_and_a_green_dog,a yellow bench and a green dog,a_yellow_bench_and_a_green_dog
The_black_chair_was_next_to_the_silver_table,The black chair was next to the silver table,1.779,1.6653,32.9163,0.9261,apg,the_black_chair_was_next_to_the_silver_table,the black chair was next to the silver table,the_black_chair_was_next_to_the_silver_table
The_black_chair_was_on_the_left_of_the_brown_table,The black chair was on the left of the brown table,1.9015,1.7762,32.1884,0.8796,apg,the_black_chair_was_on_the_left_of_the_brown_table,the black chair was on the left of the brown table,the_black_chair_was_on_the_left_of_the_brown_table
The_brown_cat_was_lying_on_the_blue_blanket,The brown cat was lying on the blue blanket,1.4782,1.6305,37.2232,0.9369,apg,the_brown_cat_was_lying_on_the_blue_blanket,the brown cat was lying on the blue blanket,the_brown_cat_was_lying_on_the_blue_blanket
The_brown_dog_is_lying_on_the_blue_pillow,The brown dog is lying on the blue pillow,1.8365,1.7646,39.0683,0.8928,apg,the_brown_dog_is_lying_on_the_blue_pillow,the brown dog is lying on the blue pillow,the_brown_dog_is_lying_on_the_blue_pillow
The_brown_dog_was_lying_on_the_green_bed,The brown dog was lying on the green bed,2.2061,1.6009,36.1645,0.9239,apg,the_brown_dog_was_lying_on_the_green_bed,the brown dog was lying on the green bed,the_brown_dog_was_lying_on_the_green_bed
The_green_plant_was_on_top_of_the_brown_nightstand,The green plant was on top of the brown nightstand,1.9644,1.3986,36.8285,0.6872,apg,the_green_plant_was_on_top_of_the_brown_nightstand,the green plant was on top of the brown nightstand,the_green_plant_was_on_top_of_the_brown_nightstand
The_green_plant_was_on_top_of_the_white_dresser,The green plant was on top of the white dresser,1.7699,1.2228,38.4895,0.7754,apg,the_green_plant_was_on_top_of_the_white_dresser,the green plant was on top of the white dresser,the_green_plant_was_on_top_of_the_white_dresser
The_rectangular_mirror_was_hung_above_the_black_sink,The rectangular mirror was hung above the black sink,1.8475,1.3793,33.7727,0.761,apg,the_rectangular_mirror_was_hung_above_the_black_sink,the rectangular mirror was hung above the black sink,the_rectangular_mirror_was_hung_above_the_black_sink
The_rectangular_painting_was_hung_above_the_silver_couch,The rectangular painting was hung above the silver couch,2.028,1.2765,31.5611,0.7387,apg,the_rectangular_painting_was_hung_above_the_silver_couch,the rectangular painting was hung above the silver couch,the_rectangular_painting_was_hung_above_the_silver_couch
The_red_apple_was_on_top_of_the_black_plate,The red apple was on top of the black plate,1.4132,1.5964,39.338,0.668,apg,the_red_apple_was_on_top_of_the_black_plate,the red apple was on top of the black plate,the_red_apple_was_on_top_of_the_black_plate
The_red_hat_was_on_top_of_the_white_coat,The red hat was on top of the white coat,1.9554,1.5915,39.145,0.8251,apg,the_red_hat_was_on_top_of_the_white_coat,the red hat was on top of the white coat,the_red_hat_was_on_top_of_the_white_coat
The_red_mug_was_on_top_of_the_green_coaster,The red mug was on top of the green coaster,1.5793,1.4984,41.4052,0.6699,apg,the_red_mug_was_on_top_of_the_green_coaster,the red mug was on top of the green coaster,the_red_mug_was_on_top_of_the_green_coaster
The_red_umbrella_was_on_top_of_the_white_coat_rack,The red umbrella was on top of the white coat rack,1.8466,1.4279,38.9621,0.84,apg,the_red_umbrella_was_on_top_of_the_white_coat_rack,the red umbrella was on top of the white coat rack,the_red_umbrella_was_on_top_of_the_white_coat_rack
a_airplane_on_the_left_of_a_turtle,a airplane on the left of a turtle,1.617,1.3903,39.4334,0.8085,apg,a_airplane_on_the_left_of_a_turtle,a airplane on the left of a turtle,a_airplane_on_the_left_of_a_turtle
a_backpack_on_the_right_of_a_bird,a backpack on the right of a bird,1.8615,1.6149,42.1324,0.9029,apg,a_backpack_on_the_right_of_a_bird,a backpack on the right of a bird,a_backpack_on_the_right_of_a_bird
a_bicycle_on_the_left_of_a_bird,a bicycle on the left of a bird,1.8507,1.2919,38.633,0.6945,apg,a_bicycle_on_the_left_of_a_bird,a bicycle on the left of a bird,a_bicycle_on_the_left_of_a_bird
a_brown_bench_and_a_green_dog,a brown bench and a green dog,1.9632,1.5978,39.0927,0.9018,apg,a_brown_bench_and_a_green_dog,a brown bench and a green dog,a_brown_bench_and_a_green_dog
a_brown_car_and_a_red_clock,a brown car and a red clock,1.8208,1.7316,41.8823,0.9386,apg,a_brown_car_and_a_red_clock,a brown car and a red clock,a_brown_car_and_a_red_clock
a_cat_near_a_table,a cat near a table,1.7249,1.8623,34.2666,0.973,apg,a_cat_near_a_table,a cat near a table,a_cat_near_a_table
a_cat_on_the_bottom_of_a_car,a cat on the bottom of a car,1.7393,2.1469,35.7329,0.9099,apg,a_cat_on_the_bottom_of_a_car,a cat on the bottom of a car,a_cat_on_the_bottom_of_a_car
a_chicken_on_the_top_of_a_bicycle,a chicken on the top of a bicycle,1.4195,1.4276,43.5378,0.8697,apg,a_chicken_on_the_top_of_a_bicycle,a chicken on the top of a bicycle,a_chicken_on_the_top_of_a_bicycle
a_computer_on_the_top_of_a_sheep,a computer on the top of a sheep,1.7222,1.5044,41.2897,0.7378,apg,a_computer_on_the_top_of_a_sheep,a computer on the top of a sheep,a_computer_on_the_top_of_a_sheep
a_couch_on_the_right_of_a_turtle,a couch on the right of a turtle,1.4489,2.0473,37.6748,0.9456,apg,a_couch_on_the_right_of_a_turtle,a couch on the right of a turtle,a_couch_on_the_right_of_a_turtle
a_cow_near_a_balloon,a cow near a balloon,1.808,1.4229,39.6164,0.7447,apg,a_cow_near_a_balloon,a cow near a balloon,a_cow_near_a_balloon
a_fish_on_the_left_of_a_microwave,a fish on the left of a microwave,1.5765,1.862,38.9613,0.923,apg,a_fish_on_the_left_of_a_microwave,a fish on the left of a microwave,a_fish_on_the_left_of_a_microwave
a_giraffe_on_the_left_of_a_lamp,a giraffe on the left of a lamp,1.8874,1.6381,38.3747,0.868,apg,a_giraffe_on_the_left_of_a_lamp,a giraffe on the left of a lamp,a_giraffe_on_the_left_of_a_lamp
a_giraffe_on_the_right_of_a_girl,a giraffe on the right of a girl,1.734,1.5098,39.3668,0.9392,apg,a_giraffe_on_the_right_of_a_girl,a giraffe on the right of a girl,a_giraffe_on_the_right_of_a_girl
a_giraffe_on_the_right_of_a_phone,a giraffe on the right of a phone,1.9553,1.6633,34.4485,0.9446,apg,a_giraffe_on_the_right_of_a_phone,a giraffe on the right of a phone,a_giraffe_on_the_right_of_a_phone
a_girl_on_the_left_of_a_bee,a girl on the left of a bee,2.3351,1.464,32.9251,0.942,apg,a_girl_on_the_left_of_a_bee,a girl on the left of a bee,a_girl_on_the_left_of_a_bee
a_girl_on_the_left_of_a_frog,a girl on the left of a frog,1.9091,1.7274,37.0756,0.9425,apg,a_girl_on_the_left_of_a_frog,a girl on the left of a frog,a_girl_on_the_left_of_a_frog
a_gold_car_and_a_red_clock,a gold car and a red clock,1.822,1.7956,41.5133,0.8864,apg,a_gold_car_and_a_red_clock,a gold car and a red clock,a_gold_car_and_a_red_clock
a_green_bench_and_a_blue_car,a green bench and a blue car,2.1661,1.8939,37.848,0.9124,apg,a_green_bench_and_a_blue_car,a green bench and a blue car,a_green_bench_and_a_blue_car
a_person_on_the_left_of_a_microwave,a person on the left of a microwave,1.5569,1.8168,34.5477,0.8906,apg,a_person_on_the_left_of_a_microwave,a person on the left of a microwave,a_person_on_the_left_of_a_microwave
a_phone_on_the_left_of_a_boy,a phone on the left of a boy,2.4025,1.8191,32.6118,0.9207,apg,a_phone_on_the_left_of_a_boy,a phone on the left of a boy,a_phone_on_the_left_of_a_boy
a_pig_on_side_of_a_wallet,a pig on side of a wallet,1.7025,1.6131,37.9257,0.8289,apg,a_pig_on_side_of_a_wallet,a pig on side of a wallet,a_pig_on_side_of_a_wallet
a_plate_on_the_right_of_a_bee,a plate on the right of a bee,1.8111,1.3998,34.9962,0.9294,apg,a_plate_on_the_right_of_a_bee,a plate on the right of a bee,a_plate_on_the_right_of_a_bee
a_rabbit_on_the_top_of_a_book,a rabbit on the top of a book,1.5171,1.5598,39.2294,0.909,apg,a_rabbit_on_the_top_of_a_book,a rabbit on the top of a book,a_rabbit_on_the_top_of_a_book
a_red_car_and_a_brown_elephant,a red car and a brown elephant,1.8633,1.5376,41.3013,0.8505,apg,a_red_car_and_a_brown_elephant,a red car and a brown elephant,a_red_car_and_a_brown_elephant
a_red_car_and_a_gold_clock,a red car and a gold clock,1.8916,1.8816,40.9003,0.9327,apg,a_red_car_and_a_gold_clock,a red car and a gold clock,a_red_car_and_a_gold_clock
a_red_car_and_a_pink_elephant,a red car and a pink elephant,2.2294,1.3479,40.6067,0.8841,apg,a_red_car_and_a_pink_elephant,a red car and a pink elephant,a_red_car_and_a_pink_elephant
a_sheep_near_a_car,a sheep near a car,1.5057,1.702,39.5729,0.8882,apg,a_sheep_near_a_car,a sheep near a car,a_sheep_near_a_car
a_television_on_the_right_of_a_cow,a television on the right of a cow,1.8143,2.2904,42.8699,0.9582,apg,a_television_on_the_right_of_a_cow,a television on the right of a cow,a_television_on_the_right_of_a_cow
a_train_on_the_left_of_a_boy,a train on the left of a boy,1.6893,1.6759,36.6123,0.8905,apg,a_train_on_the_left_of_a_boy,a train on the left of a boy,a_train_on_the_left_of_a_boy
a_turtle_on_the_left_of_a_painting,a turtle on the left of a painting,1.4464,1.6431,33.6642,0.9295,apg,a_turtle_on_the_left_of_a_painting,a turtle on the left of a painting,a_turtle_on_the_left_of_a_painting
a_vase_on_the_bottom_of_a_chicken,a vase on the bottom of a chicken,2.0095,1.5325,34.0102,0.8995,apg,a_vase_on_the_bottom_of_a_chicken,a vase on the bottom of a chicken,a_vase_on_the_bottom_of_a_chicken
a_wallet_on_the_right_of_a_bee,a wallet on the right of a bee,2.3134,1.6983,35.0835,0.8549,apg,a_wallet_on_the_right_of_a_bee,a wallet on the right of a bee,a_wallet_on_the_right_of_a_bee
a_wallet_on_the_right_of_a_dog,a wallet on the right of a dog,2.2358,1.7143,36.1475,0.8768,apg,a_wallet_on_the_right_of_a_dog,a wallet on the right of a dog,a_wallet_on_the_right_of_a_dog
a_yellow_bench_and_a_green_dog,a yellow bench and a green dog,2.0572,1.9934,41.9025,0.9161,apg,a_yellow_bench_and_a_green_dog,a yellow bench and a green dog,a_yellow_bench_and_a_green_dog
